9406.jpg,bay horse
3096.jpg,bay horse
4368.jpg,bay horse
2346.jpg,bay horse
120.jpg,bay horse
3178.jpg,bay horse
7567.jpg,bay horse
2775.jpg,bay horse
3271.jpg,bay horse
9772.jpg,bay horse
6486.jpg,bay horse
4797.jpg,bay horse
2335.jpg,bay horse
5885.jpg,bay horse
2070.jpg,bay horse
8069.jpg,bay horse
9469.jpg,bay horse
9480.jpg,bay horse
2079.jpg,bay horse
5231.jpg,bay horse
9581.jpg,bay horse
4119.jpg,bay horse
3507.jpg,bay horse
4964.jpg,bay horse
9969.jpg,bay horse
726.jpg,bay horse
6987.jpg,bay horse
4074.jpg,bay horse
3742.jpg,bay horse
617.jpg,bay horse
4373.jpg,bay horse
5582.jpg,bay horse
7888.jpg,bay horse
2618.jpg,bay horse
6288.jpg,bay horse
7133.jpg,bay horse
3159.jpg,bay horse
4279.jpg,bay horse
5586.jpg,bay horse
5631.jpg,bay horse
1752.jpg,bay horse
7846.jpg,bay horse
5820.jpg,bay horse
48.jpg,bay horse
4142.jpg,bay horse
5278.jpg,bay horse
1308.jpg,bay horse
865.jpg,bay horse
467.jpg,bay horse
9566.jpg,bay horse
8940.jpg,bay horse
7867.jpg,bay horse
118.jpg,bay horse
5246.jpg,bay horse
9903.jpg,bay horse
1162.jpg,bay horse
1366.jpg,bay horse
3732.jpg,bay horse
2006.jpg,bay horse
768.jpg,bay horse
2671.jpg,bay horse
3400.jpg,bay horse
7712.jpg,bay horse
3722.jpg,bay horse
279.jpg,bay horse
3088.jpg,bay horse
6517.jpg,bay horse
6218.jpg,bay horse
3731.jpg,bay horse
4881.jpg,bay horse
8460.jpg,bay horse
2418.jpg,bay horse
9102.jpg,bay horse
5208.jpg,bay horse
3464.jpg,bay horse
3534.jpg,bay horse
2439.jpg,bay horse
8829.jpg,bay horse
1330.jpg,bay horse
687.jpg,bay horse
862.jpg,bay horse
718.jpg,bay horse
9294.jpg,bay horse
9366.jpg,bay horse
1901.jpg,bay horse
2586.jpg,bay horse
5385.jpg,bay horse
856.jpg,bay horse
2088.jpg,bay horse
9176.jpg,bay horse
1999.jpg,bay horse
2631.jpg,bay horse
2670.jpg,bay horse
3999.jpg,bay horse
1186.jpg,bay horse
7467.jpg,bay horse
4772.jpg,bay horse
8583.jpg,bay horse
792.jpg,bay horse
8934.jpg,bay horse
1319.jpg,bay horse
6503.jpg,bay horse
7270.jpg,bay horse
4714.jpg,bay horse
349.jpg,bay horse
7262.jpg,bay horse
8122.jpg,bay horse
3750.jpg,bay horse
1602.jpg,bay horse
9849.jpg,bay horse
611.jpg,bay horse
4936.jpg,bay horse
313.jpg,bay horse
7006.jpg,bay horse
1682.jpg,bay horse
4963.jpg,bay horse
8429.jpg,bay horse
6627.jpg,bay horse
4319.jpg,bay horse
6977.jpg,bay horse
7642.jpg,bay horse
431.jpg,bay horse
310.jpg,bay horse
1887.jpg,bay horse
2973.jpg,bay horse
4047.jpg,bay horse
1672.jpg,bay horse
8555.jpg,bay horse
3698.jpg,bay horse
6671.jpg,bay horse
3402.jpg,bay horse
6384.jpg,bay horse
7760.jpg,bay horse
4535.jpg,bay horse
4271.jpg,bay horse
2549.jpg,bay horse
6233.jpg,bay horse
6995.jpg,bay horse
8711.jpg,bay horse
3852.jpg,bay horse
2660.jpg,bay horse
9390.jpg,bay horse
2322.jpg,bay horse
7139.jpg,bay horse
7584.jpg,bay horse
8675.jpg,bay horse
6668.jpg,bay horse
6254.jpg,bay horse
3299.jpg,bay horse
116.jpg,bay horse
1754.jpg,bay horse
1638.jpg,bay horse
425.jpg,bay horse
2367.jpg,bay horse
384.jpg,bay horse
9120.jpg,bay horse
6520.jpg,bay horse
6880.jpg,bay horse
6223.jpg,bay horse
4010.jpg,bay horse
6555.jpg,bay horse
8910.jpg,bay horse
8058.jpg,bay horse
2218.jpg,bay horse
8621.jpg,bay horse
403.jpg,bay horse
3240.jpg,bay horse
4203.jpg,bay horse
8540.jpg,bay horse
4078.jpg,bay horse
1697.jpg,bay horse
3738.jpg,bay horse
2918.jpg,bay horse
2663.jpg,bay horse
1749.jpg,bay horse
7732.jpg,bay horse
187.jpg,bay horse
9565.jpg,bay horse
4808.jpg,bay horse
3506.jpg,bay horse
1867.jpg,bay horse
9489.jpg,bay horse
6295.jpg,bay horse
1415.jpg,bay horse
8565.jpg,bay horse
128.jpg,bay horse
2488.jpg,bay horse
3809.jpg,bay horse
453.jpg,bay horse
3446.jpg,bay horse
2591.jpg,bay horse
8414.jpg,bay horse
2741.jpg,bay horse
5983.jpg,bay horse
7969.jpg,bay horse
1527.jpg,bay horse
988.jpg,bay horse
1229.jpg,bay horse
5662.jpg,bay horse
4158.jpg,bay horse
3124.jpg,bay horse
9924.jpg,bay horse
1113.jpg,bay horse
4576.jpg,bay horse
2337.jpg,bay horse
8326.jpg,bay horse
408.jpg,bay horse
1091.jpg,bay horse
1516.jpg,bay horse
2001.jpg,bay horse
9570.jpg,bay horse
1182.jpg,bay horse
902.jpg,bay horse
2331.jpg,bay horse
1897.jpg,bay horse
3896.jpg,bay horse
4937.jpg,bay horse
6231.jpg,bay horse
2187.jpg,bay horse
14.jpg,bay horse
9106.jpg,bay horse
6669.jpg,bay horse
6612.jpg,bay horse
4594.jpg,bay horse
1092.jpg,bay horse
3918.jpg,bay horse
1686.jpg,bay horse
7906.jpg,bay horse
2311.jpg,bay horse
1406.jpg,bay horse
6723.jpg,bay horse
9432.jpg,bay horse
5607.jpg,bay horse
1133.jpg,bay horse
9736.jpg,bay horse
6294.jpg,bay horse
2676.jpg,bay horse
2574.jpg,bay horse
3871.jpg,bay horse
2925.jpg,bay horse
9299.jpg,bay horse
8040.jpg,bay horse
1671.jpg,bay horse
6830.jpg,bay horse
5443.jpg,bay horse
2289.jpg,bay horse
8132.jpg,bay horse
6471.jpg,bay horse
691.jpg,bay horse
7909.jpg,bay horse
294.jpg,bay horse
3532.jpg,bay horse
7766.jpg,bay horse
3740.jpg,bay horse
720.jpg,bay horse
2374.jpg,bay horse
7772.jpg,bay horse
6975.jpg,bay horse
5588.jpg,bay horse
2210.jpg,bay horse
8016.jpg,bay horse
3047.jpg,bay horse
4483.jpg,bay horse
1449.jpg,bay horse
2711.jpg,bay horse
2903.jpg,bay horse
6094.jpg,bay horse
7210.jpg,bay horse
9668.jpg,bay horse
8447.jpg,bay horse
8964.jpg,zebra
4198.jpg,zebra
5306.jpg,zebra
1913.jpg,zebra
7462.jpg,zebra
9119.jpg,zebra
1196.jpg,zebra
1444.jpg,zebra
7558.jpg,zebra
7337.jpg,zebra
1823.jpg,zebra
7673.jpg,zebra
4620.jpg,zebra
3192.jpg,zebra
7366.jpg,zebra
2220.jpg,zebra
8178.jpg,zebra
7374.jpg,zebra
7015.jpg,zebra
1892.jpg,zebra
8713.jpg,zebra
3338.jpg,zebra
427.jpg,zebra
3697.jpg,zebra
2982.jpg,zebra
2615.jpg,zebra
7415.jpg,zebra
4776.jpg,zebra
4565.jpg,zebra
2963.jpg,zebra
6606.jpg,zebra
1476.jpg,zebra
8423.jpg,zebra
9354.jpg,zebra
957.jpg,zebra
6144.jpg,zebra
7829.jpg,zebra
5536.jpg,zebra
9695.jpg,zebra
6719.jpg,zebra
1314.jpg,zebra
1848.jpg,zebra
937.jpg,zebra
6996.jpg,zebra
9431.jpg,zebra
8700.jpg,zebra
1316.jpg,zebra
7791.jpg,zebra
4212.jpg,zebra
6674.jpg,zebra
6595.jpg,zebra
420.jpg,zebra
1521.jpg,zebra
6994.jpg,zebra
8702.jpg,zebra
3281.jpg,zebra
5689.jpg,zebra
6006.jpg,zebra
5493.jpg,zebra
4857.jpg,zebra
9773.jpg,zebra
8955.jpg,zebra
7693.jpg,zebra
5829.jpg,zebra
2684.jpg,zebra
4510.jpg,zebra
2066.jpg,zebra
5968.jpg,zebra
4567.jpg,zebra
6792.jpg,zebra
9722.jpg,zebra
5008.jpg,zebra
901.jpg,zebra
9465.jpg,zebra
9126.jpg,zebra
4370.jpg,zebra
5391.jpg,zebra
5428.jpg,zebra
4550.jpg,zebra
177.jpg,zebra
6731.jpg,zebra
721.jpg,zebra
5151.jpg,zebra
3775.jpg,zebra
1507.jpg,zebra
6767.jpg,zebra
3269.jpg,zebra
1599.jpg,zebra
5390.jpg,zebra
9497.jpg,zebra
2754.jpg,zebra
1439.jpg,zebra
7773.jpg,zebra
6411.jpg,zebra
6128.jpg,zebra
6284.jpg,zebra
5183.jpg,zebra
180.jpg,zebra
6258.jpg,zebra
7292.jpg,zebra
3767.jpg,zebra
4292.jpg,zebra
9539.jpg,zebra
31.jpg,zebra
8521.jpg,zebra
8976.jpg,zebra
3833.jpg,zebra
3610.jpg,zebra
675.jpg,zebra
154.jpg,zebra
8277.jpg,zebra
2284.jpg,zebra
2894.jpg,zebra
3072.jpg,zebra
3364.jpg,zebra
9956.jpg,zebra
1583.jpg,zebra
2301.jpg,zebra
9358.jpg,zebra
3684.jpg,zebra
690.jpg,zebra
3028.jpg,zebra
8843.jpg,zebra
714.jpg,zebra
2093.jpg,zebra
2685.jpg,zebra
1622.jpg,zebra
5802.jpg,zebra
5498.jpg,zebra
783.jpg,zebra
8807.jpg,zebra
5404.jpg,zebra
9485.jpg,zebra
3622.jpg,zebra
1290.jpg,zebra
9058.jpg,zebra
9346.jpg,zebra
4983.jpg,zebra
6762.jpg,zebra
6406.jpg,zebra
771.jpg,zebra
9708.jpg,zebra
2889.jpg,zebra
3993.jpg,zebra
50.jpg,zebra
5172.jpg,zebra
9211.jpg,zebra
8639.jpg,zebra
5587.jpg,zebra
4206.jpg,zebra
3969.jpg,zebra
9782.jpg,zebra
4816.jpg,zebra
88.jpg,zebra
4675.jpg,zebra
7316.jpg,zebra
8983.jpg,zebra
2375.jpg,zebra
3428.jpg,zebra
9342.jpg,zebra
4149.jpg,zebra
2852.jpg,zebra
1715.jpg,zebra
5991.jpg,zebra
8914.jpg,zebra
1845.jpg,zebra
2933.jpg,zebra
8365.jpg,zebra
6931.jpg,zebra
320.jpg,zebra
7057.jpg,zebra
5401.jpg,zebra
7307.jpg,zebra
8726.jpg,zebra
689.jpg,zebra
1469.jpg,zebra
7990.jpg,zebra
4230.jpg,zebra
5769.jpg,zebra
5400.jpg,zebra
9682.jpg,zebra
8154.jpg,zebra
3592.jpg,zebra
5256.jpg,zebra
1156.jpg,zebra
7828.jpg,zebra
6795.jpg,zebra
3598.jpg,zebra
6777.jpg,zebra
5129.jpg,zebra
521.jpg,zebra
688.jpg,zebra
9467.jpg,zebra
5395.jpg,zebra
1984.jpg,zebra
3842.jpg,zebra
356.jpg,zebra
2756.jpg,zebra
9807.jpg,zebra
9473.jpg,zebra
6081.jpg,zebra
231.jpg,zebra
5635.jpg,zebra
5169.jpg,zebra
5457.jpg,zebra
3188.jpg,zebra
4121.jpg,zebra
2248.jpg,zebra
3337.jpg,zebra
1220.jpg,zebra
2102.jpg,zebra
9686.jpg,zebra
6412.jpg,zebra
7854.jpg,zebra
1365.jpg,zebra
8953.jpg,zebra
2141.jpg,zebra
4308.jpg,zebra
9330.jpg,zebra
9664.jpg,zebra
7096.jpg,zebra
9971.jpg,zebra
2881.jpg,zebra
6518.jpg,zebra
9054.jpg,zebra
8448.jpg,zebra
4867.jpg,zebra
3694.jpg,zebra
1513.jpg,zebra
863.jpg,zebra
6851.jpg,zebra
2044.jpg,zebra
4882.jpg,zebra
2415.jpg,zebra
4875.jpg,zebra
471.jpg,zebra
1193.jpg,zebra
4291.jpg,zebra
4534.jpg,zebra
835.jpg,zebra
9170.jpg,zebra
7214.jpg,zebra
1511.jpg,zebra
1251.jpg,zebra
5718.jpg,zebra
2909.jpg,zebra
8993.jpg,zebra
6419.jpg,zebra
4821.jpg,zebra
6251.jpg,zebra
7764.jpg,zebra
3314.jpg,zebra
153.jpg,zebra
3270.jpg,zebra
240.jpg,zebra
5353.jpg,zebra
4269.jpg,zebra
716.jpg,zebra
2360.jpg,zebra
5106.jpg,zebra
6308.jpg,zebra
6228.jpg,zebra
826.jpg,zebra
4437.jpg,zebra
9241.jpg,zebra
5435.jpg,zebra
1539.jpg,zebra
659.jpg,zebra
2017.jpg,zebra
2755.jpg,zebra
7503.jpg,zebra
4300.jpg,zebra
4035.jpg,zebra
9663.jpg,zebra
1323.jpg,zebra
7152.jpg,zebra
3069.jpg,zebra
96.jpg,zebra
2325.jpg,zebra
923.jpg,zebra
7489.jpg,zebra
160.jpg,zebra
7660.jpg,zebra
8825.jpg,zebra
7862.jpg,zebra
4719.jpg,zebra
1750.jpg,zebra
7633.jpg,zebra
7173.jpg,zebra
2065.jpg,zebra
5537.jpg,zebra
8126.jpg,zebra
3512.jpg,zebra
9816.jpg,zebra
6261.jpg,zebra
7678.jpg,zebra
2211.jpg,zebra
8643.jpg,zebra
4465.jpg,zebra
9526.jpg,zebra
6952.jpg,zebra
2949.jpg,zebra
874.jpg,zebra
4384.jpg,zebra
5484.jpg,zebra
3339.jpg,zebra
769.jpg,zebra
7648.jpg,zebra
3926.jpg,zebra
3054.jpg,zebra
7012.jpg,zebra
8347.jpg,zebra
1677.jpg,zebra
8244.jpg,zebra
764.jpg,zebra
704.jpg,zebra
6197.jpg,zebra
5034.jpg,zebra
6376.jpg,zebra
7136.jpg,zebra
89.jpg,zebra
3885.jpg,zebra
4361.jpg,zebra
3440.jpg,zebra
4463.jpg,zebra
9332.jpg,zebra
7513.jpg,zebra
5585.jpg,zebra
5280.jpg,zebra
8084.jpg,zebra
2766.jpg,zebra
9595.jpg,zebra
7890.jpg,zebra
8317.jpg,zebra
2268.jpg,zebra
4487.jpg,zebra
6329.jpg,zebra
4454.jpg,zebra
747.jpg,zebra
9347.jpg,zebra
7186.jpg,zebra
8100.jpg,zebra
731.jpg,zebra
5791.jpg,zebra
584.jpg,zebra
1473.jpg,zebra
7714.jpg,zebra
20.jpg,zebra
616.jpg,zebra
2112.jpg,zebra
1974.jpg,zebra
3679.jpg,zebra
225.jpg,zebra
9529.jpg,zebra
1333.jpg,zebra
7005.jpg,zebra
4406.jpg,zebra
5945.jpg,zebra
4275.jpg,zebra
2168.jpg,zebra
1736.jpg,zebra
8652.jpg,zebra
5102.jpg,zebra
8037.jpg,zebra
2705.jpg,zebra
2512.jpg,zebra
8963.jpg,zebra
9640.jpg,zebra
1102.jpg,zebra
1807.jpg,zebra
9423.jpg,zebra
6727.jpg,zebra
1821.jpg,zebra
9357.jpg,zebra
3068.jpg,zebra
5489.jpg,zebra
6165.jpg,zebra
8841.jpg,zebra
4075.jpg,zebra
1664.jpg,zebra
4284.jpg,zebra
806.jpg,zebra
44.jpg,zebra
1639.jpg,zebra
6490.jpg,zebra
4593.jpg,zebra
5712.jpg,zebra
312.jpg,zebra
4205.jpg,zebra
7397.jpg,zebra
9819.jpg,zebra
6950.jpg,zebra
6064.jpg,zebra
7986.jpg,zebra
6870.jpg,zebra
4162.jpg,zebra
8136.jpg,zebra
6091.jpg,zebra
3526.jpg,zebra
4861.jpg,zebra
5875.jpg,zebra
5398.jpg,zebra
2646.jpg,zebra
9690.jpg,zebra
8480.jpg,zebra
6287.jpg,zebra
5406.jpg,zebra
882.jpg,zebra
3717.jpg,zebra
480.jpg,zebra
1275.jpg,zebra
95.jpg,zebra
1626.jpg,zebra
2748.jpg,zebra
9929.jpg,zebra
53.jpg,zebra
3629.jpg,zebra
2870.jpg,zebra
1114.jpg,zebra
4828.jpg,zebra
